1;Luis_1
2;Miguel_2
3;Miguel_3
4;Luis_4
5;Lucía_5
6;María_6
7;Sofía_7
8;Lucía_8
9;Ana_9
10;Juan_10
11;Sofía_11
12;Lucía_12
13;Miguel_13
14;Sofía_14
15;Lucía_15
16;Valeria_16
17;Valeria_17
18;Sofía_18
19;Lucía_19
20;Sofía_20
21;Lucía_21
22;Luis_22
23;Sofía_23
24;Miguel_24
25;Pedro_25
26;Sofía_26
27;Juan_27
28;Valeria_28
29;Miguel_29
30;Lucía_30
31;Carlos_31
32;Sofía_32
33;Lucía_33
34;Valeria_34
35;Lucía_35
36;Luis_36
37;Sofía_37
38;Miguel_38
39;Valeria_39
40;Luis_40
41;Pedro_41
42;Miguel_42
43;Valeria_43
44;Carlos_44
45;Carlos_45
46;Valeria_46
47;Lucía_47
48;Miguel_48
49;María_49
50;Pedro_50
51;María_51
52;Luis_52
53;Luis_53
54;Pedro_54
55;Carlos_55
56;Sofía_56
57;Miguel_57
58;María_58
59;María_59
60;María_60
61;Lucía_61
62;Sofía_62
63;Valeria_63
64;María_64
65;María_65
66;Valeria_66
67;Pedro_67
68;Sofía_68
69;Sofía_69
70;Sofía_70
71;María_71
72;Luis_72
73;Ana_73
74;Miguel_74
75;Lucía_75
76;Juan_76
77;Juan_77
78;Juan_78
79;Ana_79
80;Valeria_80
81;Valeria_81
82;Luis_82
83;María_83
84;María_84
85;Juan_85
86;Miguel_86
87;Luis_87
88;María_88
89;Juan_89
90;Ana_90
91;Pedro_91
92;Luis_92
93;Carlos_93
94;Ana_94
95;Luis_95
96;Lucía_96
97;Pedro_97
98;Sofía_98
99;María_99
100;María_100
101;Juan_101
102;María_102
103;Ana_103
104;Luis_104
105;María_105
106;Valeria_106
107;Juan_107
108;Ana_108
109;Pedro_109
110;Pedro_110
111;Lucía_111
112;Lucía_112
113;Carlos_113
114;Juan_114
115;Juan_115
116;Juan_116
117;Pedro_117
118;Ana_118
119;Carlos_119
120;Lucía_120
121;Lucía_121
122;Ana_122
123;Pedro_123
124;Luis_124
125;Juan_125
126;Miguel_126
127;Luis_127
128;Sofía_128
129;Luis_129
130;Miguel_130
131;Luis_131
132;Lucía_132
133;Ana_133
134;Pedro_134
135;Juan_135
136;Valeria_136
137;Luis_137
138;Valeria_138
139;Miguel_139
140;Sofía_140
141;María_141
142;Valeria_142
143;Juan_143
144;Pedro_144
145;Valeria_145
146;Valeria_146
147;Lucía_147
148;Juan_148
149;Juan_149
150;Luis_150
151;Carlos_151
152;Carlos_152
153;Carlos_153
154;Pedro_154
155;Luis_155
156;Juan_156
157;Valeria_157
158;Carlos_158
159;María_159
160;Luis_160
161;María_161
162;María_162
163;María_163
164;Carlos_164
165;María_165
166;Juan_166
167;Pedro_167
168;Lucía_168
169;Miguel_169
170;Ana_170
171;Pedro_171
172;Juan_172
173;Carlos_173
174;Juan_174
175;Carlos_175
176;Carlos_176
177;Valeria_177
178;Pedro_178
179;María_179
180;Luis_180
181;Pedro_181
182;Ana_182
183;Luis_183
184;Ana_184
185;Carlos_185
186;Lucía_186
187;Pedro_187
188;Sofía_188
189;Lucía_189
190;Luis_190
191;María_191
192;Pedro_192
193;Juan_193
194;Valeria_194
195;Carlos_195
196;Lucía_196
197;Ana_197
198;Carlos_198
199;Juan_199
200;Pedro_200
201;Miguel_201
202;Pedro_202
203;Pedro_203
204;Pedro_204
205;Luis_205
206;Juan_206
207;Miguel_207
208;Sofía_208
209;María_209
210;María_210
211;Pedro_211
212;María_212
213;Juan_213
214;Juan_214
215;Carlos_215
216;Valeria_216
217;Luis_217
218;Ana_218
219;Luis_219
220;Carlos_220
221;Sofía_221
222;Valeria_222
223;Lucía_223
224;Pedro_224
225;Ana_225
226;Valeria_226
227;Juan_227
228;Carlos_228
229;Sofía_229
230;María_230
231;Juan_231
232;Juan_232
233;Carlos_233
234;Carlos_234
235;María_235
236;Pedro_236
237;María_237
238;María_238
239;Pedro_239
240;Valeria_240
241;Lucía_241
242;Miguel_242
243;Valeria_243
244;Juan_244
245;Juan_245
246;Miguel_246
247;Ana_247
248;Carlos_248
249;Valeria_249
250;Pedro_250
251;Luis_251
252;Sofía_252
253;Pedro_253
254;Pedro_254
255;Miguel_255
256;Valeria_256
257;Juan_257
258;Miguel_258
259;Pedro_259
260;Valeria_260
261;Pedro_261
262;Miguel_262
263;Valeria_263
264;Luis_264
265;Juan_265
266;Juan_266
267;Ana_267
268;Juan_268
269;Lucía_269
270;Miguel_270
271;Luis_271
272;Luis_272
273;Sofía_273
274;Miguel_274
275;Carlos_275
276;Pedro_276
277;Miguel_277
278;Juan_278
279;Valeria_279
280;Pedro_280
281;Luis_281
282;Juan_282
283;María_283
284;María_284
285;Pedro_285
286;Valeria_286
287;Juan_287
288;Sofía_288
289;Juan_289
290;Luis_290
291;Valeria_291
292;Miguel_292
293;María_293
294;Valeria_294
295;Miguel_295
296;Miguel_296
297;Lucía_297
298;María_298
299;Valeria_299
300;Lucía_300
301;Sofía_301
302;Luis_302
303;Ana_303
304;Carlos_304
305;Sofía_305
306;Carlos_306
307;María_307
308;Carlos_308
309;Valeria_309
310;Miguel_310
311;María_311
312;Sofía_312
313;Valeria_313
314;Ana_314
315;Carlos_315
316;María_316
317;María_317
318;Pedro_318
319;Juan_319
320;Miguel_320
321;María_321
322;Carlos_322
323;Miguel_323
324;Ana_324
325;Lucía_325
326;Valeria_326
327;Ana_327
328;Sofía_328
329;Lucía_329
330;Lucía_330
331;Lucía_331
332;Pedro_332
333;Juan_333
334;Carlos_334
335;Sofía_335
336;Pedro_336
337;Luis_337
338;María_338
339;Luis_339
340;Pedro_340
341;Miguel_341
342;Lucía_342
343;Lucía_343
344;Pedro_344
345;Valeria_345
346;Valeria_346
347;Miguel_347
348;Miguel_348
349;Miguel_349
350;Pedro_350
351;Miguel_351
352;María_352
353;Valeria_353
354;Carlos_354
355;Valeria_355
356;Juan_356
357;Miguel_357
358;Lucía_358
359;Carlos_359
360;Miguel_360
361;Ana_361
362;Juan_362
363;Lucía_363
364;Miguel_364
365;Luis_365
366;Valeria_366
367;Valeria_367
368;Luis_368
369;Luis_369
370;Ana_370
371;Pedro_371
372;Lucía_372
373;Sofía_373
374;María_374
375;Valeria_375
376;Sofía_376
377;Juan_377
378;Miguel_378
379;Luis_379
380;Carlos_380
381;Sofía_381
382;Valeria_382
383;Pedro_383
384;Ana_384
385;Juan_385
386;Carlos_386
387;Carlos_387
388;Carlos_388
389;Pedro_389
390;Luis_390
391;Ana_391
392;Valeria_392
393;Lucía_393
394;Pedro_394
395;Lucía_395
396;Carlos_396
397;María_397
398;Valeria_398
399;Lucía_399
400;Juan_400
401;Sofía_401
402;Juan_402
403;Ana_403
404;Lucía_404
405;Juan_405
406;Juan_406
407;Pedro_407
408;Carlos_408
409;Pedro_409
410;Miguel_410
411;Sofía_411
412;Carlos_412
413;Carlos_413
414;María_414
415;María_415
416;Carlos_416
417;Ana_417
418;Luis_418
419;Luis_419
420;Luis_420
421;María_421
422;Carlos_422
423;Pedro_423
424;Carlos_424
425;Miguel_425
426;Carlos_426
427;Luis_427
428;Carlos_428
429;Miguel_429
430;Ana_430
431;Valeria_431
432;Lucía_432
433;María_433
434;Luis_434
435;Lucía_435
436;Miguel_436
437;Carlos_437
438;María_438
439;Valeria_439
440;Luis_440
441;Miguel_441
442;Sofía_442
443;Juan_443
444;Pedro_444
445;Miguel_445
446;Valeria_446
447;Luis_447
448;Miguel_448
449;Miguel_449
450;Lucía_450
451;Miguel_451
452;Valeria_452
453;María_453
454;Lucía_454
455;Ana_455
456;Ana_456
457;Valeria_457
458;Pedro_458
459;Valeria_459
460;Lucía_460
461;Luis_461
462;Carlos_462
463;Juan_463
464;Valeria_464
465;Carlos_465
466;Sofía_466
467;María_467
468;María_468
469;Valeria_469
470;Carlos_470
471;Valeria_471
472;Luis_472
473;Luis_473
474;Ana_474
475;María_475
476;María_476
477;María_477
478;Miguel_478
479;María_479
480;Valeria_480
481;Lucía_481
482;Lucía_482
483;Lucía_483
484;Miguel_484
485;Sofía_485
486;Ana_486
487;Carlos_487
488;María_488
489;Lucía_489
490;Pedro_490
491;Luis_491
492;María_492
493;Carlos_493
494;María_494
495;Valeria_495
496;Lucía_496
497;Luis_497
498;Lucía_498
499;Valeria_499
500;Valeria_500
501;Lucía_501
502;Miguel_502
503;Carlos_503
504;Luis_504
505;Lucía_505
506;Carlos_506
507;Sofía_507
508;Ana_508
509;Pedro_509
510;Luis_510
511;Ana_511
512;Ana_512
513;Miguel_513
514;Juan_514
515;Sofía_515
516;Sofía_516
517;Pedro_517
518;Lucía_518
519;María_519
520;Lucía_520
521;Luis_521
522;Carlos_522
523;Lucía_523
524;María_524
525;Valeria_525
526;Ana_526
527;Sofía_527
528;María_528
529;Pedro_529
530;Sofía_530
531;Pedro_531
532;Ana_532
533;Luis_533
534;Pedro_534
535;Luis_535
536;Pedro_536
537;Luis_537
538;Luis_538
539;Ana_539
540;Luis_540
541;Sofía_541
542;Miguel_542
543;María_543
544;Valeria_544
545;Juan_545
546;Luis_546
547;Lucía_547
548;Pedro_548
549;Lucía_549
550;Lucía_550
551;Carlos_551
552;Juan_552
553;Pedro_553
554;Carlos_554
555;Miguel_555
556;Ana_556
557;Miguel_557
558;Miguel_558
559;Miguel_559
560;Miguel_560
561;Sofía_561
562;Pedro_562
563;Sofía_563
564;Miguel_564
565;Lucía_565
566;Luis_566
567;María_567
568;Carlos_568
569;Sofía_569
570;Juan_570
571;Lucía_571
572;Pedro_572
573;Luis_573
574;Miguel_574
575;Valeria_575
576;Lucía_576
577;Sofía_577
578;Miguel_578
579;Juan_579
580;Juan_580
581;Ana_581
582;Sofía_582
583;Pedro_583
584;Carlos_584
585;María_585
586;María_586
587;Sofía_587
588;Carlos_588
589;Luis_589
590;Luis_590
591;Juan_591
592;Miguel_592
593;Sofía_593
594;María_594
595;Juan_595
596;Miguel_596
597;María_597
598;Valeria_598
599;Luis_599
600;Luis_600
601;Luis_601
602;María_602
603;Sofía_603
604;Valeria_604
605;Ana_605
606;Carlos_606
607;Miguel_607
608;Carlos_608
609;Valeria_609
610;Luis_610
611;Juan_611
612;Carlos_612
613;María_613
614;María_614
615;Pedro_615
616;Carlos_616
617;Valeria_617
618;María_618
619;Valeria_619
620;Valeria_620
621;María_621
622;Ana_622
623;Carlos_623
624;Pedro_624
625;Ana_625
626;Valeria_626
627;María_627
628;Valeria_628
629;Valeria_629
630;Lucía_630
631;Juan_631
632;Juan_632
633;Miguel_633
634;Valeria_634
635;Valeria_635
636;Pedro_636
637;Sofía_637
638;Luis_638
639;Carlos_639
640;Ana_640
641;María_641
642;María_642
643;Sofía_643
644;Ana_644
645;Pedro_645
646;Luis_646
647;Ana_647
648;Juan_648
649;Sofía_649
650;Lucía_650
651;Juan_651
652;Valeria_652
653;María_653
654;Ana_654
655;Lucía_655
656;Pedro_656
657;Pedro_657
658;Pedro_658
659;Valeria_659
660;Lucía_660
661;Valeria_661
662;Luis_662
663;Juan_663
664;Juan_664
665;Carlos_665
666;Ana_666
667;Sofía_667
668;Valeria_668
669;Lucía_669
670;Lucía_670
671;Luis_671
672;Valeria_672
673;Ana_673
674;Miguel_674
675;Miguel_675
676;Pedro_676
677;Sofía_677
678;Pedro_678
679;Carlos_679
680;Carlos_680
681;Luis_681
682;Valeria_682
683;Miguel_683
684;Pedro_684
685;Valeria_685
686;Sofía_686
687;Juan_687
688;Sofía_688
689;Miguel_689
690;Juan_690
691;Valeria_691
692;Sofía_692
693;María_693
694;Pedro_694
695;Carlos_695
696;Pedro_696
697;Miguel_697
698;Lucía_698
699;Juan_699
700;Lucía_700
701;Sofía_701
702;Pedro_702
703;Ana_703
704;Juan_704
705;Miguel_705
706;Carlos_706
707;Carlos_707
708;Pedro_708
709;Luis_709
710;Ana_710
711;Ana_711
712;Miguel_712
713;Pedro_713
714;Carlos_714
715;Ana_715
716;Juan_716
717;Pedro_717
718;Pedro_718
719;Lucía_719
720;Sofía_720
721;Lucía_721
722;Valeria_722
723;Lucía_723
724;Carlos_724
725;Valeria_725
726;Luis_726
727;Ana_727
728;Miguel_728
729;Sofía_729
730;Miguel_730
731;Ana_731
732;Lucía_732
733;Valeria_733
734;Valeria_734
735;Carlos_735
736;Valeria_736
737;María_737
738;Lucía_738
739;Luis_739
740;Juan_740
741;Lucía_741
742;Lucía_742
743;Luis_743
744;Valeria_744
745;Juan_745
746;Miguel_746
747;Juan_747
748;Pedro_748
749;Lucía_749
750;Miguel_750
751;Sofía_751
752;Luis_752
753;Miguel_753
754;Sofía_754
755;Lucía_755
756;Lucía_756
757;Ana_757
758;Pedro_758
759;María_759
760;Luis_760
761;Luis_761
762;María_762
763;Ana_763
764;Pedro_764
765;Sofía_765
766;Juan_766
767;Ana_767
768;Ana_768
769;Luis_769
770;Lucía_770
771;Miguel_771
772;Valeria_772
773;Pedro_773
774;Juan_774
775;Valeria_775
776;Lucía_776
777;Pedro_777
778;Miguel_778
779;Valeria_779
780;Ana_780
781;Lucía_781
782;Luis_782
783;Valeria_783
784;María_784
785;Lucía_785
786;María_786
787;Valeria_787
788;Lucía_788
789;María_789
790;Juan_790
791;Sofía_791
792;Ana_792
793;Lucía_793
794;Pedro_794
795;Ana_795
796;Sofía_796
797;Valeria_797
798;Miguel_798
799;Juan_799
800;Lucía_800
801;Pedro_801
802;Valeria_802
803;Pedro_803
804;Valeria_804
805;Juan_805
806;Miguel_806
807;María_807
808;Luis_808
809;Pedro_809
810;Valeria_810
811;Miguel_811
812;Lucía_812
813;Miguel_813
814;María_814
815;Carlos_815
816;Ana_816
817;Ana_817
818;Sofía_818
819;Lucía_819
820;Pedro_820
821;Valeria_821
822;Lucía_822
823;Valeria_823
824;Valeria_824
825;Valeria_825
826;Luis_826
827;Juan_827
828;Lucía_828
829;Luis_829
830;Carlos_830
831;Pedro_831
832;Ana_832
833;Luis_833
834;Luis_834
835;Pedro_835
836;María_836
837;Luis_837
838;Miguel_838
839;Sofía_839
840;Lucía_840
841;Juan_841
842;Carlos_842
843;Valeria_843
844;Carlos_844
845;Lucía_845
846;Ana_846
847;Pedro_847
848;Sofía_848
849;Miguel_849
850;María_850
851;Pedro_851
852;Miguel_852
853;Valeria_853
854;María_854
855;Juan_855
856;Lucía_856
857;Luis_857
858;Valeria_858
859;Ana_859
860;Sofía_860
861;Carlos_861
862;Pedro_862
863;Ana_863
864;Juan_864
865;Luis_865
866;Miguel_866
867;Sofía_867
868;Luis_868
869;Juan_869
870;Sofía_870
871;Valeria_871
872;Juan_872
873;María_873
874;Ana_874
875;Pedro_875
876;Juan_876
877;Ana_877
878;Valeria_878
879;Lucía_879
880;Luis_880
881;Sofía_881
882;Miguel_882
883;Juan_883
884;Carlos_884
885;Juan_885
886;Sofía_886
887;Valeria_887
888;Carlos_888
889;Valeria_889
890;Luis_890
891;Juan_891
892;Pedro_892
893;Sofía_893
894;Sofía_894
895;Valeria_895
896;Pedro_896
897;Juan_897
898;Juan_898
899;Sofía_899
900;Valeria_900
901;Pedro_901
902;Carlos_902
903;Luis_903
904;Lucía_904
905;Sofía_905
906;Juan_906
907;Ana_907
908;Sofía_908
909;Lucía_909
910;Ana_910
911;María_911
912;Pedro_912
913;Luis_913
914;Sofía_914
915;Juan_915
916;Ana_916
917;Lucía_917
918;Juan_918
919;María_919
920;Carlos_920
921;Lucía_921
922;Miguel_922
923;Pedro_923
924;Lucía_924
925;Miguel_925
926;Lucía_926
927;Sofía_927
928;María_928
929;Valeria_929
930;Pedro_930
931;Juan_931
932;Valeria_932
933;María_933
934;Sofía_934
935;Carlos_935
936;Juan_936
937;Lucía_937
938;Carlos_938
939;Valeria_939
940;Luis_940
941;Ana_941
942;Ana_942
943;Sofía_943
944;Sofía_944
945;Sofía_945
946;Lucía_946
947;Sofía_947
948;Carlos_948
949;Juan_949
950;Valeria_950
951;Juan_951
952;Juan_952
953;María_953
954;Ana_954
955;Pedro_955
956;Sofía_956
957;Lucía_957
958;Ana_958
959;Pedro_959
960;Sofía_960
961;Juan_961
962;Sofía_962
963;Pedro_963
964;María_964
965;María_965
966;Carlos_966
967;Luis_967
968;Carlos_968
969;Lucía_969
970;Ana_970
971;Sofía_971
972;María_972
973;Miguel_973
974;Sofía_974
975;Miguel_975
976;Carlos_976
977;Lucía_977
978;Lucía_978
979;Luis_979
980;Luis_980
981;Valeria_981
982;Lucía_982
983;María_983
984;Ana_984
985;Pedro_985
986;Lucía_986
987;María_987
988;Carlos_988
989;Pedro_989
990;Luis_990
991;Sofía_991
992;Juan_992
993;Carlos_993
994;Luis_994
995;Miguel_995
996;Lucía_996
997;Sofía_997
998;María_998
999;Lucía_999
1000;Valeria_1000
